transformer_id,unit_name,capacity_kva,peak_load_kw,asset_age_year,maintenance_backlog,public_exposure_index,control_effectiveness,customer_count,loading_pct_scenario,voltage_pu_scenario,status_scenario,loading_pct_base,loading_change,risk_score,top_driver,risk_category
TR-01,UP3 A,250,170,8,0.2,0.4,0.7,1200,93.04403763777583,0.9835423783062476,High,72.8817944336874,20.162243204088426,6.824378032439896,Overload,Low
TR-02,UP3 B,400,320,18,0.55,0.85,0.45,2800,109.59854555147312,0.9804640362570142,Overload,85.73971328332608,23.85883226814704,36.0573856044242,Overload,Medium
TR-03,UP3 C,315,280,25,0.7,0.75,0.35,2300,122.10117507217745,0.978141498820972,Overload,95.47457081044351,26.626604261733945,42.224322078092506,Overload,High
TR-04,UP3 D,250,190,14,0.35,0.5,0.6,1600,104.16182913051423,0.9814935606743757,Overload,81.54056495191907,22.62126417859517,13.737804462920364,Overload,Low
TR-05,UP3 E,500,300,6,0.15,0.3,0.8,1000,81.78632475301019,0.9855718579915259,Watch,64.06287283615794,17.723451916852255,3.120023075988602,Overload,Low
TR-06,UP3 F,400,350,22,0.6,0.9,0.4,3000,120.09020197310878,0.9785081989437324,Overload,93.89761249621085,26.192589476897922,46.02477148811131,Overload,High
